Frame,Timestamp,left_elbow,right_elbow,left_knee,right_knee,left_shoulder,right_shoulder,left_hip,right_hip
0,1717570672.6615334,160.51517174665355,135.85889515121255,163.68688135419757,171.7419325206944,104.96823833880937,99.87049198984715,164.89552717113233,171.76363681849935
1,1717570672.731533,166.68505455835594,135.17961000574707,160.4739972717722,170.58647574301673,101.72653044989084,100.52249320732153,164.87785419836982,171.69897935415545
2,1717570672.7815313,169.96414582493043,136.1670836649884,160.43729274155103,170.49728599076084,101.13919204431284,99.40765937247517,164.84114966814866,171.6724903225184
3,1717570672.8215349,170.05800645900646,134.63506366426935,159.57312821093217,170.66797750812108,101.03063911010118,99.98666176465508,164.9060294169229,172.01500951587016
4,1717570672.8715286,168.58000441860844,134.78663944693767,159.806116838753,169.3931104518157,101.38396050468809,99.83508598198682,166.14630858466296,172.40935281751644
5,1717570672.9215367,170.1962904532053,135.70425104761645,158.67533339148315,163.41801052311368,100.89235511590232,99.83508598198682,164.74805808634406,174.57167113051554
6,1717570672.9715056,170.2236776911172,135.44529502008515,158.92777015565025,164.09382091671273,100.75941851102831,99.54136674456993,164.8316472660768,174.58613793478153
7,1717570673.0215168,169.70468506441958,135.29997516230392,160.4818137540912,162.00546813552754,100.87914525701159,100.19150185002769,165.90519329677804,174.7731610239211
8,1717570673.0715137,169.60827599430857,134.39478540275516,160.62545672667667,162.680331704539,100.99463644012864,99.62027204579135,165.88752032401553,174.47297605211529
9,1717570673.1215093,169.60827599430857,132.72681873863033,161.465174846783,164.40238285167933,100.99463644012864,100.37091742465321,165.54713651021063,173.85184708077338
10,1717570673.171507,169.00749241973227,132.575242955962,161.81763931080965,165.1232412023096,101.67486880975086,100.49147701233159,165.88752032401553,173.88434149357374
11,1717570673.2215042,159.3235188384099,133.49256424122504,161.1021500666758,163.58404280244,104.09657596178717,100.49147701233159,164.8316472660768,173.89296647913451
12,1717570673.2715018,161.40839871844472,134.42896462688523,168.7228641906938,163.97413255155024,102.12838793570883,100.49147701233159,169.7383403529956,173.18564711059025
13,1717570673.3214824,163.5612526042135,135.04337302692548,170.92674291095733,161.0137752397288,101.03757069924359,99.90808480728123,170.77445292897195,174.50685519750365
14,1717570673.3714814,161.3278847654506,134.42896462688523,170.6984617176137,159.94820285967543,102.20890188870295,100.49147701233159,171.01694331535245,176.43217034439257
15,1717570673.4214914,161.6160411780157,135.56429844933965,172.9754583916186,161.2738426070567,102.15075661371094,100.23699747338907,172.7103983861829,177.37932246495956
16,1717570673.4714892,160.02593209287173,135.56429844933965,177.69774162068205,163.22123781410633,101.67692293729141,100.26360953813264,172.7725581442889,177.34462553938448
17,1717570673.5214849,157.09062365774562,135.41886042376942,175.86603768418055,163.93743497915224,102.76818310885947,100.91047180072314,172.4430785164798,177.06457452606838
18,1717570673.5714824,153.5343342904819,134.59970996285006,175.86603768418055,163.44415994430457,102.69446621302386,100.65550995202125,172.85484807662823,176.30946811636923
19,1717570673.6214788,155.11301616647927,134.59970996285006,174.82472532320512,162.21566621294068,100.43652283450182,100.65550995202125,172.33191195737442,176.30946811636923
20,1717570673.6914864,151.39926121887473,134.7128954590181,170.8376529542783,161.85969728216824,101.03716676373624,99.91118472690118,170.6337542438115,176.65686612509492
21,1717570673.7314734,152.30198995086988,133.87635311958618,168.92273026055992,161.0883196867948,101.64709192595208,99.78387587188934,169.54232170365566,177.1269716573857
22,1717570673.7814565,151.92751306414704,134.84020431402996,170.13419305691565,160.41972042399533,101.64709192595208,99.78387587188934,168.82616175818524,177.1269716573857
23,1717570673.8314533,156.9376213703573,135.8258926085203,171.23188146743544,163.24846668217663,101.8256161299098,100.27266002376672,168.5066311398329,177.0734617224289
24,1717570673.8814487,157.75097634278765,134.18722032526307,169.89724191795185,167.0422683325775,101.8256161299098,100.27266002376672,167.78163914795874,174.9826350214856
25,1717570673.9314594,157.40359935248335,134.18722032526307,171.05575971278262,169.85191313875723,102.61691096273043,100.25908818520969,168.07642680350372,174.18858284279824
26,1717570673.981457,155.93657163720377,133.36952913473968,169.22636181222381,170.54909243063463,102.55765084231255,99.93103245473048,168.01309666025415,173.83515821776456
27,1717570674.031453,156.95154816186826,131.93878453008745,169.12998118833343,170.3792566855141,102.56686534521045,100.39485690237939,167.30706847875436,174.98124866368468
28,1717570674.091435,156.8358693779753,130.23562780324306,169.09470054038295,166.13768074052726,102.66427816032298,99.71488057522475,167.27178783080387,176.60587358328183
29,1717570674.1314318,157.2559775509045,129.79125231835346,168.9115215219499,164.17948077367345,102.15288110425871,99.7486170840964,166.55785868191825,177.36705290755398
30,1717570674.1814308,155.48766437849406,130.48235458828458,166.77726275944764,164.24963182183504,102.36236078766902,99.0575148141653,164.82708465447476,176.84091715726132
31,1717570674.2314458,154.81863579029053,126.48858743925462,167.68509273536336,163.9732676182062,103.03138937587255,98.86392829029108,164.32483636707346,176.78846220240248
32,1717570674.2814426,154.26831971937523,126.41908178855647,167.01316137590854,163.98832725080217,103.07912378006682,99.46232220802563,163.59190159808773,176.52934963920404
33,1717570674.3314414,152.0668771880768,127.90925145772584,167.58757635426014,166.2284002829176,104.17233770013196,98.88065915052027,163.78439585403282,175.2396217244046
34,1717570674.381423,152.96992734348788,127.32758840022044,168.36359938098832,171.30638242336815,104.35158538700989,99.96935126894039,165.3016840146149,172.12395258501462
35,1717570674.4314182,156.96395026879307,126.47686873770996,169.48956468662212,174.14924443564925,103.94984658437195,99.96490387474665,164.2243998626862,170.18723905311668
36,1717570674.4914246,156.71582959553143,129.907884875501,169.17976311910903,173.9708879094509,104.64703898939783,101.12668433706989,162.99571729061987,171.04021493349913
37,1717570674.5414066,155.16118568870556,130.2363583092738,170.29366317077844,173.42939751419934,104.6856076403479,102.33296266268809,163.2693163181509,171.00579696390852
38,1717570674.5814056,156.0041898430702,132.31211339177256,170.91610327786663,173.4320568478256,104.83346311120809,103.04372307793119,162.60662590919193,171.04345026375398
39,1717570674.6314213,155.5884857352878,132.31211339177256,170.17858455728106,174.38940797841974,105.38056082230531,103.05310506237538,161.87580296741348,170.16436437018527
40,1717570674.6814196,156.57654494418935,130.99448127710176,172.77076450490713,173.6232442644697,105.38994280674956,102.92090273119373,163.38268821811266,171.00579696390852
41,1717570674.7314005,158.5646987466489,135.5022205832932,175.74132682168218,174.17201741394544,104.87402979933732,102.97525929292311,164.04312600447173,170.9339415013285
42,1717570674.7813954,157.11835941829975,136.68850225482092,173.91610851796412,170.7712570232938,104.93009097904252,102.88571394321781,163.2903650705947,173.20405598398108
43,1717570674.8314085,157.37246226368381,137.27760895833407,172.41668906989503,172.76773587617714,106.16608628896643,101.78554025051818,161.7455808026204,172.4541023908855
44,1717570674.8913856,159.1239713795896,138.96710178144923,171.85241542982206,174.73565887488138,106.52613043649842,101.1942345781431,162.09577652913418,171.3088107126887
45,1717570674.9313831,159.07037031295275,140.59024837594424,170.69154915535947,175.34801834064675,106.72508486643449,100.58727240095993,161.44925742247437,171.23365642949028
46,1717570674.9713852,158.50433553801187,141.0042093246457,169.32636654330219,175.23275245770756,106.78456660201896,100.67986449161492,160.65401402744888,171.88291349739504
47,1717570675.0213768,158.1372168147203,142.64150566548417,170.39279055620574,175.27790278682753,106.62285794723243,101.20869186969304,161.10669471907755,171.76318967486017
48,1717570675.0613763,159.18605944147833,139.34207500080177,169.66181809395627,175.8168099633161,107.37638648336124,101.20869186969304,161.2563249333519,171.80834000398016
49,1717570675.1113913,159.38590650375687,140.38370167681177,169.69182373641507,176.53415679086035,107.17653942108272,101.20869186969304,161.2563249333519,171.08543209914455
50,1717570675.1613905,159.86369657175186,139.36677332872006,167.67065603380325,176.53415679086035,107.55715592796471,101.83936903145491,160.31064555097774,171.08543209914455
51,1717570675.2313805,162.9906443810548,140.38370167681177,165.55596427550776,176.37851529588266,106.9705636279104,101.25510399361457,158.741611386098,172.16759328802513
52,1717570675.2713861,167.44244378372113,142.45223289640725,169.28205863532722,177.716320339496,105.3128183608063,101.96394502230737,160.84655983226403,171.335169952616
53,1717570675.3313727,169.90772870457445,144.3085360693272,167.93692993364994,175.76360520094119,105.1639340371511,102.27041095775058,160.8402918783726,172.99945053971408
54,1717570675.381369,171.41328479529332,143.6052934213652,166.37181407851995,175.8653286262636,105.33819614050536,102.5058388671215,160.72552308741223,172.8247388997162
55,1717570675.4213557,171.41328479529332,143.83348133043054,164.40589964827285,176.55294659366953,105.33819614050536,101.16899428329879,159.94007481955322,173.0238777306257
56,1717570675.4713645,169.8084981499723,141.57567734175814,170.27242144859838,176.67259575827342,105.94539590092286,101.16899428329879,164.01338514347614,171.86865189584935
57,1717570675.5213645,169.8084981499723,140.53405066574817,171.7778378262699,176.7107573215082,105.94539590092286,101.16899428329879,164.93417100044243,171.83049033261463
58,1717570675.5713444,169.6697677200847,140.0699005251675,174.08447690178525,176.74805439963612,105.94539590092286,101.25784992539371,165.29967807349962,171.79319325448668
59,1717570675.6313393,170.48515822015725,137.44306034038848,174.0508711195632,176.82016988013575,105.13000540085031,101.93515062123856,164.85018021078983,172.01988625483148
60,1717570675.6913364,169.04890905232853,139.08421223067714,172.73523812451523,176.82016988013575,105.73160667104574,101.25784992539371,164.05319175980725,171.94538611272216
61,1717570675.7313354,169.04890905232853,137.75542470050274,175.1631462618296,177.4551956201869,105.73160667104574,101.25784992539371,166.4543636510393,171.31036037267103
62,1717570675.7913287,169.4955174767096,136.15508205799577,174.4130639098903,178.13232116056582,104.96008535661673,101.13506564699804,166.08130669287755,170.7077349744014
63,1717570675.8313472,170.17688876595182,141.57523013118964,172.70447912451257,178.13232116056582,104.19901904980217,99.68527742014243,167.0072913500721,170.7077349744014
64,1717570675.8813436,171.2538377374448,143.9375404101498,170.79298286736739,177.52281458389064,103.26779576414484,99.65256101480742,167.59715727625115,170.63323483229212
65,1717570675.9313412,171.7321706017719,151.06291844987703,169.46971786016928,177.49575208485984,103.13420605861566,99.7076629114311,169.6942651488214,171.8579746870081
66,1717570675.9813342,173.71522001584046,151.20902492780797,170.44548684943084,177.49575208485984,101.96944221647918,99.5329704823481,170.34886673947864,171.8579746870081
67,1717570676.0213318,174.37074952943073,153.25189583707854,173.7286501726049,176.81551354796065,101.96944221647918,98.83272359961535,172.99588660881645,171.74853532766792
68,1717570676.0813112,174.8452358692538,151.34878749853925,168.82944837683638,179.38394009160078,101.88720039138465,98.87363965200097,167.9236030311545,170.16643603579288
69,1717570676.1313097,174.68447419457948,150.65160820666188,169.87949883633877,179.38394009160078,101.28210548275837,99.57081894387835,168.25110241591005,170.5992199589762
70,1717570676.2013044,174.27421665413036,150.32517114703316,169.74017806651844,178.71104434261053,101.35801533942924,98.95624285094209,167.93775882851517,169.6893943897088
71,1717570676.2513065,173.94930797024423,152.4853819664862,170.93318524265123,177.42473526339407,100.70261173761546,100.23175668182728,168.99144523482758,168.7674452628907
72,1717570676.3012974,173.63429811351705,150.91753143363962,168.80443020746392,176.16546039486047,99.98358073903404,100.93674085709705,166.2503504969356,168.8483609770815
73,1717570676.341299,173.63429811351705,146.60990763632412,164.45273264532895,175.5498275315056,99.9689905230232,101.7826421212223,163.99190408339106,169.2149147996788
74,1717570676.4012926,173.39918985307813,146.5662575383346,172.71833119246494,174.46909850491315,100.52095399468367,101.34933649918952,160.90902130299628,169.4076256851068
75,1717570676.4412916,174.67319580151903,145.61286488195523,174.02658402926383,173.85757325422833,99.24694804624276,102.71911557155187,163.07630920265936,169.14358665193774
76,1717570676.4813066,174.09067943250224,144.3746864000564,178.0147588020468,174.4737344002047,99.6733554324035,103.4218350678862,168.3037841652685,171.03172518363033
77,1717570676.5313027,171.8397895143468,146.24669947165182,173.5670538354443,176.87146210479554,100.95617138235905,102.41105053007243,167.64658698637712,176.55326278451017
78,1717570676.5813003,171.90081819303822,145.80452972495164,172.6156759627936,174.80557109226518,101.50163658345521,101.51923563942,167.23804469397263,177.92747450192311
79,1717570676.6312969,172.03331927773255,140.34305575857516,171.93485881927077,173.9246001889658,102.60235380034598,100.91025166079538,167.05059461303762,178.5339320154198
80,1717570676.6812932,173.7390300697528,129.16601499647237,173.21875420296968,172.70128541467838,102.62023166364168,99.87384883217442,167.77963086718398,179.7897412025075
81,1717570676.7312865,173.97934382316356,130.1052469145266,174.28151705540165,174.18958460958777,103.5367832678313,98.68855846849874,169.08135455622062,177.8208531880315
82,1717570676.7812707,173.93287199079728,126.46979395740033,173.453709216706,171.9556460604783,104.79903794511645,97.55313430793433,168.25412978985287,179.08606500948594
83,1717570676.8312843,175.61348486568286,132.2189739698726,175.94958748061268,171.93042414889555,104.89157900423449,97.06048956037262,168.24628520184675,178.75530246161097
84,1717570676.9012623,178.42908660142115,133.69407577072954,173.83283208386402,169.11078998722377,104.68532863589145,96.46988719485057,163.12496869106812,179.0416098112311
85,1717570676.9712756,178.7767884461369,131.95626411234124,175.10851569871267,168.9515017852819,105.70266247874727,96.64501400488223,159.6523208020029,179.13600145485228
86,1717570677.0112727,179.84458687433502,131.04244688587212,164.48007899766577,167.97404963275653,104.40740084375355,97.94347181059038,158.56862386243827,178.827226114006
87,1717570677.061269,179.51853419416165,132.17931372857097,163.14863782536946,166.86988973644299,104.40929983370272,99.31016703326048,158.99677728856574,178.50728818629574
88,1717570677.1112502,179.32401928480144,125.87554470457951,160.70030058545024,166.4174197934543,104.50406604532218,101.2552061145102,159.79163052605833,179.51078349515603
89,1717570677.1612663,175.4319062855447,121.476839349584,159.0442232693678,165.1910945922018,104.59509865020829,101.82180604508989,159.3410899366925,178.8771864039918
90,1717570677.211261,169.54317569267008,117.5316531205464,157.4854018786306,165.98454516311523,104.5269193847281,102.38873901943902,159.84561917490694,176.56386018240516
91,1717570677.2612576,153.03718295167926,121.15549042608183,157.18604760754872,164.03931484674382,104.83469674943134,100.88449969162582,160.89329049628185,175.98302902343738
92,1717570677.3112407,146.77928857758886,118.3139972216322,163.51472858487253,167.78560847852768,104.534234684184,101.88221717561873,166.49058385999004,173.06051794642707
93,1717570677.3612342,141.18533866481243,121.76075140325392,170.63295413267284,168.25182415896958,104.19109654902398,101.44933798850002,166.7509772449466,172.13502458051306
94,1717570677.4112315,118.79444193366123,120.9121154649277,179.42706130231653,168.838139862051,105.35403463245811,100.07399768273939,165.7220036228054,171.90996695303375
95,1717570677.4512286,105.73588192853782,123.26596709397879,175.5169298644535,168.4523270666868,106.68402716452894,98.95813236286227,165.23718795445845,171.9057747729728
96,1717570677.5012417,100.17551084304321,120.89168640717412,168.51564014574362,173.41570936850945,107.48075655929739,98.25345567683712,165.72587754107207,170.11765929664222
97,1717570677.5512226,103.17087354003324,125.68440978705999,166.2447012574271,172.32255281662376,107.67571387211537,97.42905949474175,165.69226259690575,166.07025414086442
98,1717570677.6112185,107.31260268061992,126.38609888694853,172.72384696814157,177.1844433157888,108.78678044392102,97.26737117749303,166.29958080484238,166.50426671920417
99,1717570677.6612153,110.45004357938336,126.17025533209093,171.81977011750246,178.14998503591673,106.9553130520252,96.34019174590992,167.31421794521066,164.5306100917502
100,1717570677.7112129,113.45675539092571,124.39458146836816,171.49688351804605,175.072890052351,106.69924423399362,94.08561677997488,167.00840650161805,164.71256557588327
101,1717570677.7612085,109.84508457960787,126.46822402503267,176.03129333734393,178.1211133933551,106.39113272389328,94.6584642337038,166.723602957684,163.8538214209589
102,1717570677.8312044,106.82007267204418,131.7375354055515,179.7683025590091,175.77854320412578,106.37908313847406,91.87988329631008,166.491550660569,160.97708776244875
103,1717570677.8712013,107.99308781797374,132.43622978853497,175.99775367639816,175.33103353851033,105.31281836080629,91.78991060824609,165.1648631760395,157.9843112418438
104,1717570677.921213,106.27461653369292,132.34085870511447,169.57202525477462,178.1482730664228,105.36029107629753,91.70371037806694,165.36967204239002,158.36426174360906
105,1717570677.9811938,108.17212598968548,132.3496992820406,169.55139299800956,177.50458981166332,105.42216131873867,92.29662755871288,166.12734925258735,159.54333545947878
106,1717570678.0211914,109.66028598804618,130.6737088762995,172.21778927599,178.8542371618249,104.41100027706412,92.86017442952692,163.68830009381932,164.15493954618896
107,1717570678.0711884,108.98973216598812,130.6827732298883,171.2959154137331,177.8350706099146,104.48745194927743,93.44521222578283,164.0672382288642,164.02057374502309
108,1717570678.1211846,106.89200125210219,130.6827732298883,171.88767112666565,174.13639472066677,106.05442290632597,93.44521222578283,165.24206595980064,166.07710115081187
109,1717570678.191214,110.74773787587716,129.76073719780612,170.31954563977374,171.43046475918754,106.17104694198808,93.9895302196457,166.42226097366526,168.8994299784947
110,1717570678.2411835,112.42951422141067,127.10051176130631,166.90189480358984,167.011378371765,106.17104694198808,93.99859457323453,166.42226097366526,173.45764703229895
111,1717570678.291181,110.50664203835966,126.52791297119077,165.97465548182092,162.0480389313885,107.80199604766364,92.69549551834706,166.7670659154997,176.13132266044673
112,1717570678.3311782,109.50412935094522,129.53898917190875,165.90736306651124,155.318488901965,108.21734591888485,93.26453822777154,166.7745519717499,179.82783771912463
113,1717570678.381189,112.56903247804316,132.200907414095,165.43610014382955,150.32264021371654,107.98513840169788,93.83212580213984,168.52876005131785,177.67829134134774
114,1717570678.4311862,112.47943439710312,132.3775985394589,163.8897839006755,148.71337668569154,107.2196390863712,94.55686731363699,167.25953642084593,175.20737658531
115,1717570678.4811645,117.49254815213892,133.18028899142368,162.87603695697655,148.71337668569154,107.80581108419194,93.97069531581622,167.39035867399966,174.83423928626846
116,1717570678.5311754,117.2001678589134,134.89875093680405,163.43299351443812,150.35656930547427,106.73530042361976,94.54707818345491,167.24706834872848,174.21071223330867
117,1717570678.5811741,124.92370252881327,140.79629940224166,164.35332808425974,148.88865033866216,105.91542165332355,95.13213949995753,167.89345227128803,173.65980825409008
118,1717570678.6411676,132.99746686817312,142.47373526868694,165.72412689826788,149.03624346792648,105.33158950117864,95.7059215242432,168.66593282668563,173.76490833850502
119,1717570678.691169,139.7636416907262,142.43140797117252,166.4508230141277,150.6127935231102,105.26477583755474,96.53663364879708,168.793256571573,175.34145839368873
120,1717570678.7411606,147.57863877983058,140.1944289077348,166.79426612616425,155.14802496610758,104.46301977983049,95.94686305397346,170.6968470635387,178.4198275272
121,1717570678.7911587,153.75125583336788,138.46822925891712,167.7506177893811,158.2950840630671,102.86933710520411,96.53663364879708,171.33135048164104,178.40774057224857
122,1717570678.831161,154.16207722667016,140.07663654956175,168.55066201149998,159.15470635246012,103.0072582121501,97.32099544222439,173.4579618537881,177.55936207423852
123,1717570678.8911548,158.63846869123316,140.80364180618656,156.0785222865935,155.2464519605823,101.63456534989719,97.32099544222439,170.11870875771473,176.19830402823376
124,1717570678.9411368,165.37074814259486,140.06958546072354,151.96859912506906,150.63235551094937,99.43957203205863,98.64944992930106,167.4292669840416,179.9424548775548
125,1717570678.991131,167.52083662328633,137.69649429202195,150.50823929698672,151.09924794753704,99.36380071253703,99.47760311965504,166.6549258586893,179.8612695701124
126,1717570679.0411303,168.3137165515889,138.54607066917686,164.14000155816507,146.64906585605624,100.24004520228924,100.32611044237245,157.87087057965783,178.32571590905818
127,1717570679.0911255,167.8025652996182,137.99454770232816,161.98207327507922,150.94539590092285,100.65178224602103,101.0676684653211,154.74611157795178,177.3226040023314
128,1717570679.1411266,168.44677480771497,134.93203350813968,161.256597739719,150.97534142755845,101.54252570043688,102.15481852208023,154.19574237129143,179.48844413341297
129,1717570679.1911206,168.3986414819692,134.1059007535396,163.17662309801813,150.88944700689908,102.43076119567665,102.98095127668029,154.29551102717568,178.8271174751051
130,1717570679.2411213,170.68891503132167,134.11103923484296,160.6383234555658,150.23957875781554,102.12523525910707,104.76844462556025,150.6015436156339,177.04922089099364
131,1717570679.2911336,172.01108620889855,136.61849188752936,156.69698230031875,151.78983037118473,101.3604808026763,105.09719460146908,145.2035277777122,175.82289303109778
132,1717570679.3411105,173.2493645823498,137.05051339631748,161.67288501370905,153.7744458087812,101.60105297134693,104.27973501733726,143.99364873081714,176.64286595993843
133,1717570679.3911116,172.3080816908523,138.65273269708953,165.19601984372952,156.0816798260411,101.53732020618331,104.46068048389992,144.04943056287894,178.0977440776281
134,1717570679.4411044,171.5087334431745,139.81719298246392,165.64952323197684,155.51331906828398,101.53732020618331,103.68148860562172,145.41988158067852,176.18330525139402
135,1717570679.5011017,173.15145332508587,140.59641871499932,167.5988996242638,157.17257836633212,101.31640803677666,104.649544133083,145.54689166229895,173.8334463304362
136,1717570679.5610964,175.6676860168115,137.62357789278357,166.6472040861052,157.21062140598252,100.00131595179553,103.94015733249887,146.32851207629818,174.9906829155689
137,1717570679.6110964,175.6676860168115,140.22685960343784,177.42000623632262,160.60005394827328,100.54726645868556,102.61501494733068,151.6152668322956,177.34580448659338
138,1717570679.6610944,177.32838242027108,145.4368054835874,177.94016148328592,155.8665025589538,101.15383186436216,99.57661885002432,163.88672056045525,173.89998602367143
139,1717570679.7110884,176.63353933657018,145.15426658020024,177.09692819723534,157.87882093429255,103.15986613843394,99.79130428664041,170.05486825588048,173.6829289996233
140,1717570679.751087,178.98667729569652,154.32737639830816,167.82598280170842,171.92410366516174,101.79099690998007,98.24020574807071,171.86491236964383,178.53586663161187
141,1717570679.8011017,178.5318264354244,154.17660033662807,172.993960180354,176.48579079672697,101.7936152084119,96.06260804890235,169.3652390612597,175.88624545974415
142,1717570679.8610795,178.5318264354244,153.434948822922,170.6668761738324,175.69983614434034,101.7936152084119,96.1275692223291,170.8462963725387,176.2989606755215
143,1717570679.9110768,178.89404124771147,153.40951794154137,178.5391514183647,176.42706606889985,101.61426271847205,96.93332510648122,176.08703686157475,177.11124414832716
144,1717570679.9510894,179.64476056920552,140.78019016310947,179.16301382257873,179.23610153907,101.75971930994153,94.77589397783993,178.73034872789475,175.3758486715709
145,1717570680.0110707,176.8091131879702,130.98910172018503,177.56262222379632,172.51189071725298,104.89291430809219,95.21627945501837,178.56485158152267,171.05538161972697
146,1717570680.0610683,174.71875937155488,108.91440022171858,174.89566120676693,179.11859600341785,106.8646592331322,95.52955455869795,178.27238353707955,176.18592516570965
147,1717570680.1110673,174.8939752764602,126.01712919077096,178.8710226385783,175.9943235531385,107.64213963575246,94.7520741560777,157.0313468826217,178.4082313914503
148,1717570680.1510618,172.41168555875643,138.2816256443101,178.24914581345715,169.41733737232533,108.1536955023395,93.06591030197143,154.64160226226744,179.8051171477614
149,1717570680.2010593,174.18588664319836,148.31763397294935,179.97028227470165,170.23243835703346,107.42268084546863,92.2549096238609,158.18044391936942,178.795604365145
150,1717570680.2610526,173.58821580323075,151.06777029731148,168.5496752080914,172.1217959327962,109.3206101332168,90.03052518598412,159.32702086834917,178.80731188197032
151,1717570680.3010566,175.26441696497062,141.73749187825774,162.3589372665534,170.3793253660753,109.62283661947747,88.39121414017683,157.61986494804043,179.63035493815298
152,1717570680.3610628,176.8368717538831,138.31846343693005,155.10734318401128,169.29849541112125,109.11633330325597,90.02044087659016,157.0942303415828,179.16460018548386
153,1717570680.4110482,176.88747107805486,139.16243543852167,159.21734114528607,167.4339791896643,109.1617179292877,88.38179859567924,159.95343485684373,178.5750257274846
154,1717570680.4610562,179.93503882657328,135.86109417345494,168.90698640191965,170.14288586988351,106.92325273255972,89.97257700615603,169.42169336766165,175.9736309516807
155,1717570680.5210407,179.29268063145577,123.73329563338345,171.17962044797895,169.38754690844362,104.4593951503185,93.94680516547612,172.3493490446406,176.06610654649054
156,1717570680.571036,175.18466853615328,121.23384547835516,170.92974904694242,168.52834006875784,102.40488250798414,97.01405737939592,171.09536508145402,173.30131891241228
157,1717570680.6210327,169.39067154381382,119.50072462349917,170.0043431964358,170.6891283680705,102.83706230334428,99.66825289280251,170.72444076419606,172.6822103982799
158,1717570680.6710274,157.71304468364008,120.79964981389054,170.98764304493528,171.94577116306306,104.30090574060611,101.52534308881195,170.7861084348688,170.95465689206205
159,1717570680.7210252,150.39079398702867,123.70253939768375,165.39170405384303,170.68902079763387,104.78272604261568,102.33908727832619,169.83420461265462,170.2057171014869
160,1717570680.7710235,141.10653200118867,122.7804112188723,168.37071838728002,171.08340287977342,105.21167442008095,102.56785502500054,169.79958481051546,170.70746352888952
161,1717570680.8310213,130.23885790701732,122.00538320808349,172.2429509943046,167.8530813485585,103.851419013805,102.99461679191648,167.9306141206889,173.76472624616548
162,1717570680.8810322,119.69311191458753,123.91453564107985,172.87498365109818,165.59997869320895,104.2259638987518,102.99461679191648,167.95233465485694,173.54790837933948
163,1717570680.9410288,119.57414086723485,122.00538320808349,175.14922430195395,171.68336836610078,104.42077312751098,102.99461679191648,167.44208038823137,172.72537218776694
164,1717570680.9910297,121.96884253732772,123.85711014166068,179.66881421158462,174.34110034527177,104.03624346792648,101.14288985833934,166.37578459967324,167.8043863181425
165,1717570681.0410128,118.78778552335694,123.69006752597974,178.99048721738362,167.8400441448887,103.5862200855316,101.9609928542497,166.06593347148478,167.28228691839846
166,1717570681.101006,116.10685408518073,122.00949987566605,169.6348331359243,172.44093301895882,104.65675111576043,101.14288985833934,165.78786063458185,165.44692717827644
167,1717570681.151001,110.62763507759648,121.84245725998517,164.81480934404527,176.0244463273965,103.99288685152325,103.2624415234198,166.9108358029567,162.6585259871515
168,1717570681.1909986,103.10361775644971,117.7739160845178,165.7658970094707,176.98721249581666,103.13727405324374,104.36040283531099,167.1537892681099,163.2173558547293
169,1717570681.2410092,107.47477425625567,119.74207652998177,165.64406858141825,175.81613215377553,104.48976259388445,101.9499150863304,169.15001960714517,164.65860553093034
170,1717570681.2909956,109.13162054980037,122.20228360400961,164.85826329837283,175.6570659896676,105.08041980853113,99.21908218638936,170.405331238318,164.9433424782734
171,1717570681.3409894,108.9435749706415,120.6978847535699,165.00548408501365,173.10868799296895,103.02096187949861,97.3617744208089,170.37429344096776,166.39836301505696
172,1717570681.3909862,100.1084163811299,125.13835487716784,166.86988973644299,168.33725950903948,102.58810781167159,98.17480496419063,173.03541640996943,169.41563406374877
173,1717570681.4509823,101.81314470013717,127.31470232662866,169.96664241885964,165.73796753771708,103.2505463005102,94.8334373591702,173.40964027896715,170.75388725443673
174,1717570681.4909787,105.39121293526327,126.73337102692568,166.826779477899,163.03804661870674,100.13221156580475,97.1250163489018,171.31857937483238,171.8044541797144
175,1717570681.5309772,101.23965968074538,126.3296090569664,168.68719368440557,161.84069884875083,99.76244185569367,95.56294964063892,173.49129921297674,173.1369481591732
176,1717570681.5909722,101.98938385293225,123.69006752597974,170.59248719995747,158.8571336912118,100.74887422602144,95.44033203100554,175.94558581980667,176.37077994025083
177,1717570681.6409688,101.75407690713214,124.53259178672022,171.3077223686306,160.51919977172062,101.79504933396666,94.6629535972379,176.3558111214902,175.22332469268494
178,1717570681.6809733,91.98783824194304,118.17859010995915,172.9041814298752,159.2624641368821,100.77427718129108,96.26349061433456,175.8996757498942,177.47606359731063
179,1717570681.7409654,99.264523985133,123.47434046745951,172.07719890446964,156.91177472265178,101.03703657761045,95.40839321806783,174.82434664889365,177.8914169737086
180,1717570681.7809806,97.60424161615018,121.35320967397286,171.2075979125122,156.33128960667926,101.7283293879812,96.41472206470416,174.76259185547713,176.34820532728517
181,1717570681.8309803,98.73155982871309,122.19573393471325,171.30397423795435,155.25325178737387,102.21700171753297,94.82076607809267,174.73760460040486,175.068113470691
182,1717570681.890955,99.82393172341587,125.75388725443673,170.3003681284788,155.47912097019338,101.76047977580444,94.18491612511838,173.61495394912225,174.9483106562376
183,1717570681.9709468,100.24714681101752,125.75388725443673,170.12976456878775,158.03803011410363,102.10208437149393,95.00064459755845,173.09226952623362,176.9677746095423
184,1717570682.0209439,99.69975156013976,122.19573393471325,170.05301206344154,159.0057167907836,102.64947962237169,95.00064459755845,173.47299515830264,177.41582999345218
185,1717570682.0709407,105.33252214075132,124.863195977289,169.39655988017705,158.70264595096626,101.76215469919947,93.95586511426052,171.2687338884984,177.95459151111277
186,1717570682.1309419,113.5685485932083,126.67670451645498,163.68391805030825,158.98847934680916,102.2873703298504,93.95586511426052,165.59156272797483,177.56560102808814
187,1717570682.1809375,120.79251187281993,127.48157312055778,157.95896478446758,159.75350947461453,101.87499061931841,93.08264488196465,163.57585747028165,170.5585934303839
188,1717570682.2209337,131.22339297328608,125.35034989496256,162.27237054562227,161.03158633669963,101.19902601466663,93.91191543498098,163.3413550715324,172.7961182094905
189,1717570682.2709312,141.37502906195317,126.75224733991811,162.0782732604345,159.2390351265791,101.05159351765832,94.6629535972379,164.38298174754243,172.9345839550308
190,1717570682.320928,153.7754843644236,124.97815000735804,168.5138205322253,161.547966659292,101.22823871444054,94.00231061640403,163.86172142513945,177.02197934805022
191,1717570682.380937,161.0767945256209,133.13991786230142,165.6997225508144,160.8458950605329,101.4394386302193,95.63922153978126,163.03672178474727,177.06432655357884
192,1717570682.420935,170.22286898458526,131.42952289134013,169.56986162985743,163.11660726942745,101.4394386302193,97.3103190000918,165.45500511913437,175.49805911795977
193,1717570682.4709313,172.9904780108219,119.31839273015817,168.4260335447207,168.2350907517785,101.91433341879677,99.4085673310882,165.2515367376506,169.43000877917294
194,1717570682.5209138,172.2552894535771,116.45314550001177,163.69750700987044,163.72584715429454,102.85615191824975,101.37159339970447,166.69268613945619,173.8005338521987
195,1717570682.5609322,170.28209893336353,119.51751828595167,163.19745376420093,168.48267995696878,104.05437432591488,101.48705073362879,165.13266406960778,170.4304756567054
196,1717570682.6209226,172.65125975467924,118.4381639025853,162.87970641484765,170.7596427320179,104.74165884778611,100.91894602845758,164.0897068390968,171.3219933452086
197,1717570682.6709063,170.32609708769127,120.8048472274767,176.9560098960351,173.90596205830352,106.22019369560279,100.07869035379866,163.34344763256368,170.86363766869061
198,1717570682.7109177,172.49760505110075,113.93752591203327,177.75198766508052,176.49646835521554,108.3527454653895,101.63659184503831,162.55727903412043,170.9245964072914
199,1717570682.7709002,171.5840730054736,116.80920785052103,179.65484887683587,179.63622216113544,108.77881020392151,100.76800916386719,161.04468414900853,169.18827913859343
200,1717570682.8108978,173.96909962883092,112.67453647678462,170.15496745031746,175.2363583092738,109.0598493082474,100.76800916386719,159.25946376690476,173.27466048856698
201,1717570682.8608942,175.33726066374535,118.21959532704588,156.18834574902723,175.2363583092738,108.69898280418113,100.95406264339834,160.16707751258843,173.634452401115
202,1717570682.9008925,173.405484967772,119.60294324003235,145.60730390208101,175.96580104849753,107.9044475062482,102.03059609653786,157.3978048041124,174.10197721461807
203,1717570682.960888,174.45740182516542,112.2081939322097,156.29957099188366,176.06667379553184,108.51715218045453,101.51157591330377,163.16071196800448,174.54147305709006
204,1717570683.0108826,170.66243704937295,107.72543983464735,172.92447521532685,179.34596699897818,108.51715218045453,103.05587088866372,159.97858106321087,172.90509178259546
205,1717570683.0508842,169.62467492515898,108.11752392916952,172.43857157233305,178.66141497000436,108.27282197914043,104.1581203854081,149.8242269807177,172.00942660948354
206,1717570683.1008775,169.62467492515898,107.8708735784796,175.35672741688114,176.90594194108286,109.00598419603678,103.67160851920164,150.69415822873944,171.2538377374448
207,1717570683.1508741,169.62467492515898,105.49648970071965,171.7149548299621,178.45184230102205,108.29049495190291,105.26714804982899,150.50073170152928,171.2538377374448
208,1717570683.190874,169.23746277685754,108.30786713759147,175.13166762531483,178.43064519525103,108.5529452599858,106.40010201128342,158.98967558203398,171.66255556115325
209,1717570683.2408755,168.9861671096486,109.3845156793578,178.6187704065606,176.61755771990306,109.52876875087138,105.6755741876068,172.50820301083124,170.67191497422513
210,1717570683.2908697,168.9861671096486,111.98348086400154,179.0759546472273,176.53313178295048,109.58519924429258,106.79443142953744,170.69794528870116,171.55102474171716
211,1717570683.3408628,166.28791589945808,111.78947783731289,176.09330462249966,175.22814052248535,110.58630892540394,106.05187495508858,167.6020043455532,170.81327400536233
212,1717570683.38086,166.02179714654056,110.78422747040213,171.0801562163377,174.1467635614185,110.93157911063376,107.17197691637566,164.94027236532173,171.0577251075062
213,1717570683.4308567,166.95314530280416,113.82322044263546,176.0798837087125,175.02561479789247,110.85184262991599,106.08967470301747,161.84107826156514,171.0886138750465
214,1717570683.4808588,166.4737945090402,122.7282813291703,173.04704253182607,175.5870879060164,110.0032810913173,103.42738456464963,163.41888640333934,169.37145200631375
215,1717570683.530867,166.4737945090402,125.88864295521603,169.6325580213455,179.84199756146472,110.0546674268787,103.37599822908822,165.4294914867158,171.72922081292307
216,1717570683.5808513,168.98451861858948,126.42061209389226,171.93986396390548,171.5037054178302,108.15398067617788,102.36927880394626,166.9693297753394,175.5366996560097
217,1717570683.630847,169.5206189983639,126.16324929021172,173.08877288097534,172.50414236027012,106.73079601120716,103.41902221127799,166.8915423065352,174.75286109838356
218,1717570683.6908603,174.16462350176658,128.3151267802143,173.89373428273606,166.8406642735042,105.89115255929728,102.20955672391403,169.8588067666051,176.35700718503458
219,1717570683.730856,178.46277035343826,130.06931569359293,174.11332738004805,170.05383437256114,104.16360670516049,103.10063072890591,170.46387024049417,175.20646226214973
220,1717570683.7908347,178.2392014547157,133.1041420222469,172.50454196258784,168.35463467863687,100.81453812839375,103.98971450339997,169.9149061407965,173.87811463606744
221,1717570683.8308346,177.8600501063181,133.52336914086794,169.18359766464692,169.33113001381057,101.14270614854038,105.46634536253202,168.49332046678185,170.75879415037858
222,1717570683.880834,179.17565717915485,130.20796595306803,164.8672556933309,166.36609650489012,100.38513008672247,107.63085032683276,167.34744349944202,170.89773957001955
223,1717570683.930829,180.0,126.04106658661456,159.99330526225975,164.3437946887016,99.82206494519244,110.22920797402051,166.24189983077915,170.38804257663023
224,1717570683.9808245,177.93618027154304,122.14241968025922,155.5469578636703,156.39376315312995,99.8411317596344,112.71930622151905,165.94654025268989,172.4193235872624
225,1717570684.020823,175.99582705929063,121.22657936531004,155.67004205566934,162.10437937322595,99.67897299867776,113.6165621130159,166.1294841960387,172.78104422793655
226,1717570684.080817,161.7980948986789,117.15020542998832,159.05604298264726,163.98022301725706,104.2061928790783,113.41901924415157,168.27823235673827,170.61902045890477
227,1717570684.1208363,152.60555783492148,114.33613162425516,165.70899867028305,163.3391320358959,105.72421957620978,114.29086614738301,169.18724161014217,172.32758840022046
228,1717570684.1908107,138.3664606634298,115.23936863237773,165.68097783582294,164.34619065138992,108.43494882292202,113.57470620191259,170.3263424644265,172.63710218484906
229,1717570684.2308145,127.24822084570329,112.94666345841819,167.66965579361602,168.30422754118072,109.15886419228708,115.35967000187455,173.0453998540498,169.21262460970567
230,1717570684.280827,123.66041132805205,112.39631572916659,173.67149729429102,178.64280206426855,110.26408106726954,114.95506027535703,174.1756064861471,165.24853756623847
231,1717570684.3308198,118.58921540312228,111.52706715066265,171.64293491765358,171.52885536698517,111.37062226934319,115.82430885386097,174.18497769384015,162.328949638008
232,1717570684.3808174,116.38821291293857,111.09680184028036,174.0531369460265,173.36748538486154,110.38045343246456,116.8877975943424,175.2755483028291,162.01857030303597
233,1717570684.4308121,113.52205367726908,114.21535748790401,167.6609127216738,173.88754781463055,110.7055678539004,114.73920343397958,171.69603843206158,172.4792290398189
234,1717570684.4808137,113.24708618106136,115.2170428810754,166.41727565803149,172.04144138330557,111.68795264551191,114.09097597238875,170.5909709577258,172.4824114277185
235,1717570684.5407884,111.5713071912546,116.773588125256,168.06643725093988,168.17851165939277,111.33344024412155,115.16566481444852,171.5752210525996,175.6012946450045
236,1717570684.590801,110.58264647332209,118.39626404797534,168.49226930308717,168.21061612718321,110.98988110818443,113.54298889172918,172.98485078300246,174.56410417195983
237,1717570684.640799,114.11159338046362,121.95554780313935,166.711345865238,170.75388725443676,109.45846306867149,113.72489007700011,171.9637737707638,173.37016624034067
238,1717570684.6808002,115.4407233470735,122.8702067800782,168.42724469274327,169.54991739233458,108.75329306294188,113.51540110579086,172.34527337388965,173.58637570280305
239,1717570684.730782,114.43661700719993,127.94876803965107,170.31869960456285,170.53767779197437,107.72416922103764,111.41229841480558,172.3238252182405,173.58637570280305
240,1717570684.7807782,115.76574697380981,130.26441696497056,171.31996767289237,171.47686873770996,107.02134847797026,109.68277837859688,172.3238252182405,173.58637570280305
241,1717570684.8407857,116.08187585319229,131.8289602727506,172.42146452514024,171.67793260720947,106.00388570855718,108.27391136743182,172.3836953944784,173.23067313929758
242,1717570684.8907864,116.56505117707799,132.23244500780936,171.19410004825525,169.2157021324374,106.64346959898775,108.41575425763907,170.63130578734837,175.26018687080835
243,1717570684.9507663,121.711345865238,134.30479625188798,172.18470645323313,169.2157021324374,107.68735948975755,105.62462754422643,171.58711894959345,175.1221915222366
244,1717570684.9907625,121.87536275158905,137.63675842614046,171.59835570015952,169.46081627137175,108.40415751904818,103.8013650897326,172.107638105137,174.59378782770537
245,1717570685.030774,122.77758391311919,133.75823392329275,173.29802844974557,169.13335291326493,107.67633497547206,104.52918763330871,172.107638105137,176.24056449235565
246,1717570685.0807745,124.12020793965696,131.04315564995272,173.51882711645464,167.49558298624828,108.40415751904818,103.65895665180096,171.7180598945037,178.74179612995195
247,1717570685.1307533,129.77655894128364,131.09046764284642,173.85085412748407,165.8336923493272,106.14243038407085,103.86760295561453,172.90159571584178,179.2667050771984
248,1717570685.1807656,132.9531869273831,131.29656668023054,174.01795024622822,164.87434216655052,106.14243038407085,103.86760295561453,173.904829407004,177.66817900256433
249,1717570685.230761,136.05440450352185,132.47260310760382,174.01795024622822,164.51100711903914,104.78867761416518,102.91625470786579,173.8681483751952,177.44776299781466
250,1717570685.2807586,139.88059004985192,134.30972280213493,172.34038334853682,165.12007650087355,104.72071112230488,104.08277495161613,172.95344708586137,176.44923398636286
251,1717570685.3307402,147.6388688679218,137.98699215235231,173.12081500176888,164.13343136383136,104.9721411144645,102.36730175997945,172.9167660540526,176.57108786371026
252,1717570685.3907359,151.85032628676322,139.04646313188965,173.85923374597203,162.223748856087,103.3551926235516,103.05398468179055,173.4305950132699,176.6951582187505
253,1717570685.4407334,156.98206761170576,135.87650126442338,173.56631508793265,162.31264051024246,102.58799754296444,102.16856462849228,172.37735545202264,178.77162376511944
254,1717570685.4907491,164.38901146632034,135.88511718787848,172.76307797403203,164.74882131753245,101.79691369938931,100.36036561758442,171.06592178443174,178.22988115071183
255,1717570685.530728,171.33491733820273,134.95984879458013,175.38879388727594,166.22582802408013,100.42320563147074,101.28563401088275,169.99641716568647,176.62611407683647
256,1717570685.5807242,176.25775768968515,135.6585431775636,176.48856568731196,166.32143135212596,99.56556770082993,101.33702034644409,171.57128867109967,175.25728445133572
257,1717570685.630722,179.33819699694465,136.64474523309508,175.42951353294396,167.78428086586914,99.27236184813948,102.44901447401554,169.54747134760683,174.59424598502176
258,1717570685.6807342,179.35625428582463,127.6239296887137,177.28362411601898,170.04580781346792,98.61055884508413,104.30710667953699,168.50654547739342,172.35136345168237
259,1717570685.7307167,176.6880080650152,124.61114218453042,177.0339591100129,170.91324775863836,97.92382725126039,104.30710667953699,168.34989301876016,171.26946744183687
260,1717570685.7807314,178.1888792078093,123.14234147014454,177.03606319655597,172.76016260337795,99.08876430740315,103.52521618380223,170.53247271254284,168.89445980794255
261,1717570685.8307257,178.66515775363624,124.06887707758852,179.08067179127707,175.91438322002512,100.10441227559477,101.78385279785834,171.4943003043381,166.96664367408619
262,1717570685.8807268,179.77338636486954,112.95117042507431,177.99483986662312,171.9357927053626,100.8124917165636,103.06042769073815,168.71534135738557,160.34617594194668
263,1717570685.9407036,178.64289637318595,116.35179243666218,179.12219668083736,176.67486502387558,102.69515749333091,103.8773706221769,165.22837850783247,166.5102225329751
264,1717570685.980703,179.24771440695793,127.43689674685811,179.60146786281518,178.87669728592456,102.0010795804125,104.32688696562565,161.23513670710372,167.35297558202726
265,1717570686.030699,178.10921664471957,125.60892850255308,179.25469199251012,177.75425743410491,102.7856097821696,103.54235676386855,160.29101034638126,171.79410962190636
266,1717570686.0807104,179.1786114073877,117.95657782962581,176.38938266312712,178.52659403384268,103.79948539601936,105.0684881594922,169.17262412534313,171.1611595264661
267,1717570686.1306918,178.8680682178818,132.02626891751987,176.71128118779367,174.7061209347934,104.58430999901125,104.2836635565003,170.07205336275547,175.95117810708706
268,1717570686.1807055,179.4153694792948,140.1300082248371,175.91438322002512,172.92000818638266,104.83196702066576,104.84652290446945,167.38361761007698,177.24101950369678
269,1717570686.2307043,179.93633804896157,136.80494196607344,174.3760630997691,175.76360520094119,106.60861806205718,104.02870752432756,169.28793753225835,176.10629244490286
270,1717570686.2806978,176.95589966319287,142.7447105464229,170.10294578779974,179.61460819226696,105.48882711293851,104.27973501733729,167.3934387174061,174.6402102171378
271,1717570686.3306937,177.53932599668084,141.5317380613748,171.03280993310068,179.42433464864752,105.06848815949222,103.84069549165565,169.38812577621954,173.50456763382476
272,1717570686.3806777,178.92676885894278,141.44411384388275,171.68684466000056,179.18154453831139,105.85788454179492,103.16501772751485,168.69521400755337,172.51911382047632
273,1717570686.4406867,179.6750746769785,138.36646066342982,171.57527584704906,178.91907581333933,104.72108562410568,101.84396555297229,167.09564824488731,174.30526801726168
274,1717570686.4906836,176.63353933657018,138.28555352090657,173.7034665496609,178.05576962405323,104.48976259388445,100.35602624927003,167.90090594778513,173.83846137462183
275,1717570686.5406802,173.01438916557802,132.2870332600671,176.36834995925193,177.79740183823418,105.6504654719474,101.30993247402023,172.873649857316,175.6206535065878
276,1717570686.5906625,173.14625493853632,129.4493505005059,174.63995908727912,178.03417302518415,105.60577298529172,101.6169321251931,172.8282878346129,174.54135805889743
277,1717570686.6306605,174.21403011991387,132.192102837981,173.3103501072523,178.87669728592456,104.67639313745002,102.62268383407127,171.54544410788387,174.41346590631852
278,1717570686.6806724,172.9388358686888,136.84761026599458,168.40100470746816,176.8448769849058,105.90384985845859,102.53202603075192,168.47307483236753,175.53590575813814
279,1717570686.740667,173.8828286285246,138.37649407187516,170.1580677181085,170.562489213835,104.14340084996627,103.34848227940847,168.3299051203747,178.15794575571073
280,1717570686.7806516,175.2363583092738,138.86852698427649,170.6583850140535,166.67332828011885,105.91692170611311,99.75333356916849,167.3052660151894,178.80142550741337
281,1717570686.830663,174.85820039116183,155.65029242883222,173.70605181104895,165.75562539949982,106.99384953079988,97.8584397070889,169.10029282766334,177.96163059288
282,1717570686.8806615,172.86288827878198,161.98945659643945,173.51000939114937,164.50312838767414,106.93332163869255,96.79991027468384,169.66311754196846,179.73438499952172
283,1717570686.9406548,174.27731149018413,160.84889123160758,167.61078519333225,162.32521593674448,106.87596852520281,95.43405854154048,165.72484822888433,179.6002684889513
284,1717570686.9906547,175.68306075123047,161.54859632988158,166.49921551763808,161.52023383717489,106.87596852520281,94.24762916059007,165.1303516735193,179.55910235791316
285,1717570687.0406535,174.52616493440746,162.7514805580284,170.0389612506155,163.28269392324265,107.06997331920294,95.00540490389164,167.30755729854366,178.72318808031096
286,1717570687.0806503,176.39300431174345,156.3706222693432,170.39170934727144,162.4044897107903,107.15493467625706,96.21922968879113,163.83463685869214,179.1605614662877
287,1717570687.1306443,176.16375187753135,154.76496015119764,170.63034579511358,163.46663044948014,106.56905825367785,97.22098908914802,165.6878703193031,178.41297213312322
288,1717570687.180641,172.41850238763382,150.05121999259094,173.44581940960725,163.74560062927526,108.67907882164442,97.36920744338272,167.27564431457762,178.9607347706158
289,1717570687.230641,171.42949740152883,146.1060337635534,178.078956129188,165.07869280093846,108.36671251594571,97.42821440451212,166.49541449641387,176.64866893207625
290,1717570687.2806346,168.34375742789618,142.7500364229193,178.07891749894372,172.06410133929802,108.39942757544993,98.23088072547569,168.96244086629133,171.61944109498114
291,1717570687.330621,167.79172477637854,133.87227597414127,176.09046764284642,169.32965759536356,108.26726294759982,102.63999508020277,166.35708522400992,170.62393332037965
292,1717570687.3806145,164.86182013576882,133.39399701071775,177.26203088508404,174.80060540287883,107.42543604030563,104.82379099552014,166.55266838404185,172.18885708480596
293,1717570687.4306278,164.900455180158,131.21683206613693,178.27828456966526,173.90826705296402,107.42543604030563,107.26498992136004,166.60471995229133,172.35021825561057
294,1717570687.4906068,166.09458430743683,131.26860300083953,177.29131305337336,171.86989764584402,107.17590361574675,108.79988515865264,166.51327505841368,172.5107102154452
295,1717570687.540619,161.47663183443925,131.6335393365702,177.20421855876336,170.7150946305233,106.88679112394404,108.43494882292202,165.97100090926506,172.83592722939497
296,1717570687.5806174,150.63744902110565,133.1020861652683,177.98876733736867,169.15969454566942,109.05770451012833,107.70042778866718,167.56341968116408,174.81443800588082
297,1717570687.6306036,145.06599103323467,132.71446352323088,178.29864539467388,171.60430596423035,110.89776549883887,107.35402463626133,167.20303927440503,174.2035440696076
298,1717570687.690595,139.4275084590663,132.71446352323088,175.13826785619702,171.9648105013449,112.69379494509236,107.35402463626133,167.5045796671957,173.90843897175975
299,1717570687.7405908,135.19675671115598,129.9111714088679,162.32791317545465,164.79461720416612,111.88686548998999,108.89037483815102,168.14463231879637,162.59201904240032
300,1717570687.7906022,132.65445014388084,131.47520766927596,164.66254293100164,173.89226258869837,110.71511744513796,108.63406454440104,168.62715892424697,166.3059627501208
301,1717570687.8405848,127.0565281894096,129.01817097845526,178.52700455837126,179.82478409509466,110.81264648325937,108.77548436442359,167.73483212097415,168.15986372530327
302,1717570687.8905818,124.7737793310444,138.01968479312472,163.55734371928534,168.11773764930155,112.3931341698292,104.80987471993618,165.96375653207352,175.36298653036664
303,1717570687.940581,124.37381529031039,146.36264246790185,163.99962016178853,164.16932661641349,112.81429531633422,101.55613750041925,168.0251986073468,176.8865612519428
304,1717570687.990575,121.94747945870802,152.47477425625564,166.77702824575516,164.49766559818423,112.81429531633422,100.63843461980025,167.41960325664962,176.94535002432303
305,1717570688.04058,118.5886511656178,153.26006203718188,168.55178353178093,165.95026247214565,113.68380858982489,99.38464835151586,167.92682746867123,177.0300435917033
306,1717570688.110569,121.4218448522504,157.06048701959034,171.2437684333233,165.99024556371054,112.81429531633422,97.0404822561054,168.78477903490804,176.88373765676775
307,1717570688.1805658,121.94747945870802,157.51685215088636,170.04121988264174,165.67843487595778,113.58823285038412,96.26654472205553,167.53056613437593,177.34185427945613
308,1717570688.2405624,119.43562316579292,155.97086692153977,168.87720604237623,167.93554745798627,113.68380858982489,98.15129945992697,167.99467076892662,176.14492640382485
309,1717570688.2905614,120.17893192908163,153.10925391597868,168.4235774499214,169.4567536053137,114.53986027374401,96.980452031168,168.0523552487002,174.058897245556
310,1717570688.3405585,121.24975638386859,154.67679290008329,166.094355607942,163.76115837030773,113.74505651454979,96.78464938538434,165.4566433306624,178.63281850545687
311,1717570688.4005535,124.90117373101556,157.2580994973888,166.93469935975222,162.66189085763853,112.45644507506638,95.68780970482379,165.49616154851566,178.63281850545687
312,1717570688.4405496,124.90117373101556,158.77021456355774,156.5927798284352,153.434948822922,112.42287988879886,95.72137489109133,162.2509537979296,175.0034000786036
313,1717570688.49055,128.56307939914467,157.8142953163342,158.26514383429426,149.56484150519267,111.57654494418938,94.58854219215459,163.79601977559,172.23874949988422
314,1717570688.530564,132.67579930522064,159.36245301531218,159.93174715133918,149.6973192795119,110.35018359539272,95.4271207682857,164.1047316274187,170.34855228802823
315,1717570688.5805411,140.5686146529285,160.48489587551228,164.4212575738822,148.74119217448495,108.30039271153402,96.18934315471148,166.9159866671619,169.08392194145418
316,1717570688.6305368,146.78581656732212,160.57109344687092,168.31797190258015,145.61965527615513,108.24303959804428,97.325317076077,168.1813503325728,166.6428772857011
317,1717570688.6905324,151.33115187607095,157.8650835656116,172.40535663140858,149.4593951503185,108.18403263691485,98.46065126096988,170.15961406551347,167.86175252083243
318,1717570688.7305303,152.34612503897057,156.58177174895664,174.92039213998544,156.1846058262579,109.7571319728696,99.80469633822912,173.77462930181034,172.48479086378507
319,1717570688.7805421,154.9043988769217,155.3071686629938,178.96632294080362,161.79201390526848,109.31440034035727,99.74396307762487,175.19044415156415,174.71816828920464
320,1717570688.8405225,158.47774544915333,152.96702636258013,178.51819300706205,161.6408893584845,108.02796118065375,101.75228787692782,176.41758891501476,176.68221883166515
321,1717570688.89053,162.3476426359188,150.01836063115067,177.8354886449388,165.6997225508144,107.12389475291155,102.85774461593775,177.66074773784285,179.70370192369143
322,1717570688.940538,163.27398620892305,153.7497576303111,177.76687533359183,165.42578380196127,107.04903097210982,102.93260839673951,177.60887289505655,179.46202726988773
323,1717570688.990515,164.18982652387226,152.65012421993012,177.3974377975002,166.56897112931836,106.13319065716061,104.03224180712047,175.6617332085718,176.91565859685096
324,1717570689.050511,164.87129207807186,150.948769614604,176.18592516570965,166.3893232996843,105.2058219796903,104.03224180712047,174.45022057678125,174.0025994260845
325,1717570689.0905132,162.3398639364042,150.45536526043026,176.18592516570965,167.4686813004253,105.2058219796903,105.12529465141398,173.87220266788543,173.48873984710727
326,1717570689.1405065,163.34179531454842,144.7607350280205,173.4962713825898,168.2341634133366,104.26720082938519,106.21103786153049,174.6480418518891,177.07518050419054
327,1717570689.1905184,164.26863533398276,141.05780390853687,174.02627636165292,173.54118362128133,104.52784885671225,106.72904956137953,174.0959428995961,172.70976739529934
328,1717570689.240516,165.59226790549772,140.82413563016095,179.11488281212152,174.40066066347944,105.38996378125854,106.10060291520915,172.34508871305326,171.98960744070837
329,1717570689.2905118,165.59226790549772,139.41077524727814,176.23287608077806,179.85979853550626,107.11971556194726,104.1371828561445,172.31563678827342,169.47853535912296
330,1717570689.3405092,166.87959684702275,140.28678923639612,179.28845146439264,178.69498015627187,105.87117861145701,104.09839086510968,169.70223320245867,169.2133906070619
331,1717570689.3904927,168.5563033032174,144.60233333732253,176.43699229079886,176.4677054161091,106.074074398551,103.47810297616218,167.36988070906517,172.1785144261424
332,1717570689.4404871,171.79212941465593,141.66665989090134,179.511695520074,176.0280709569085,104.11782963603923,103.45297324991697,164.95043382777,174.15343336906304
333,1717570689.5004973,173.03930060625618,137.61670232548843,175.33212182222266,177.308075639443,104.94741655766882,103.76250606753251,167.683485273905,173.59665579349965
334,1717570689.5404983,173.77332640069946,139.73812018706306,165.08092307140527,177.03606319655597,104.21339076322549,105.47597138489834,166.31860230307606,175.74574404201348
335,1717570689.6004918,175.2578855677015,140.57629328497993,169.0212533143952,178.37779921656713,102.93907297491322,106.30374200118229,167.35129546452097,174.29310415951693
336,1717570689.6404743,178.59500654018188,136.09585363519474,177.20469953972028,179.6147315929038,101.11386170218833,106.2915332266999,172.17939243177617,173.58405363162254
337,1717570689.6904707,179.32539626044098,133.34451346088068,174.75566188928485,178.64591987267255,100.05521156840074,104.86655895418448,171.73526668286445,173.29782305576867
338,1717570689.7404835,179.7031333326753,131.98721249581666,169.00201968584105,178.5543565794438,100.83829528769935,103.49240449194554,171.4208079923031,174.39242926391685
339,1717570689.79048,179.22018216459722,137.11095195988483,168.7999798210229,175.76747767122023,99.8193006387579,102.90740867126584,172.04202782372127,172.62474383458178
340,1717570689.8404639,175.3893506813394,141.05898772397833,167.3609375593699,176.0059878641028,101.91217847324647,103.21778800623787,172.70933617955632,173.35813669565013
341,1717570689.8904755,174.31161548430978,139.13597816887614,176.68527833236158,173.9458081058852,103.00177369484548,104.32375256405459,178.2591698445401,172.3210361926313
342,1717570689.9404721,174.68833742669213,138.9646547228561,179.09777883846985,174.169697067636,102.78670144918675,105.41768044757157,178.84758051827228,174.0351550617932
343,1717570689.9904568,172.31992887802824,140.80769485409826,177.71725312799705,175.1860964170429,103.83714105265692,105.41768044757157,178.52639825835502,175.1568290368983
344,1717570690.0404537,169.6906356492442,140.4805610054828,173.3497996833408,173.2804203377061,105.142801709926,105.744814296187,176.8975733178293,175.11531036335887
345,1717570690.0904484,169.6906356492442,140.4805610054828,172.3046642693798,169.44241346168337,105.142801709926,105.744814296187,176.25742364830577,173.4227423078377
346,1717570690.1404445,168.3486666412211,140.22236716352376,169.33021719550334,177.03741908961987,108.1683633688283,102.62795113869305,177.02016951232173,178.1159497689082
347,1717570690.1904395,169.79808557379678,139.91521747339448,169.8244891569568,176.47401231814692,108.20601666867374,102.8974475289769,179.63632711441497,177.18693205610137
348,1717570690.2504356,168.7410877970119,137.52082790771016,168.70118644288135,177.341374479053,110.11583242576496,100.61965527615513,179.71840982669224,178.55931617045675
349,1717570690.3004336,166.66229880855997,137.52082790771016,171.0273733851036,177.25920940581742,112.29948659936778,100.51479009100422,179.72651386933313,178.35340230581468
350,1717570690.3504305,167.85448139269295,143.34309683586739,171.40243624506377,179.28828779396432,112.29948659936778,99.3859552943436,178.89994620280888,179.90224955704016
351,1717570690.3904421,168.9871327959798,153.53396216821773,173.68226837818975,179.20427644726072,112.29948659936778,98.01316727672247,176.69587002824113,179.37949235216607
352,1717570690.450426,172.8452813315645,156.662003971872,172.97440607401307,179.52236530883602,110.54197898844208,96.68252034480946,176.26860300083953,178.46103994108705
353,1717570690.4904373,176.31937782696954,152.55456687932832,174.37537195855407,179.82596678036998,108.58794119498758,97.56142842766695,175.37342929062848,175.99380520615964
354,1717570690.540421,178.82936793365369,145.70768647479397,175.5247429615395,176.0010261560532,106.36334731429105,98.49116080905804,175.9730642362822,177.68853454480472
355,1717570690.5904331,175.94740371536074,142.11858801060126,175.6268246776306,172.70686410443608,103.27546997714629,101.3034067588419,175.65809542750006,177.25746420609477
356,1717570690.6504295,174.21760767763593,141.4987015506237,175.7761634226779,171.16845976088192,103.52060795030353,100.2256715618123,175.12738282872573,176.24886625359645
357,1717570690.6904247,176.16836054960964,134.41406981320648,176.75577516222424,169.1576691725743,102.89273366204569,103.27546997714632,173.24935942910878,175.0109235997155
358,1717570690.7404246,179.10744078447163,132.27368900609375,165.6909805905246,167.5827348744888,103.12290985899627,105.77194805685482,172.16681829286736,175.43483554570315
359,1717570690.7804039,178.95457260893667,129.25296689740316,160.8321880228036,162.18179470810298,103.26162074145388,109.27111371639634,171.8184189719036,177.6621463434183
360,1717570690.8304067,177.1260521816885,128.7175079118386,161.51357250313757,166.25566855406797,105.91051718042112,108.37724916517345,171.86311145855925,175.6747103940604
361,1717570690.880399,169.2689339768437,127.25447600326422,152.49854843726183,161.92852986456532,105.39967022357968,109.27111371639634,169.1626566394223,177.0339591100129
362,1717570690.9403934,164.68043162838487,127.53480914387859,153.73542076082674,158.4212825941575,105.66541394698834,110.39574232306416,170.10897008787703,178.19349634862874
363,1717570690.9804094,157.14780049840158,125.8440694142451,157.46321248940717,158.1244159268328,106.47447702952272,110.91965254011592,171.90990865855318,177.75862212260262
364,1717570691.0303888,149.23894819813282,125.61123866676576,159.1793511007369,157.0890627402879,109.91121384639837,109.7291110407327,172.4706155462614,176.7493708176929
365,1717570691.0903842,138.93289627223055,123.19100503986442,158.93116411760735,157.18990846374217,111.91354540987034,110.57853259041454,172.22474420963778,176.0698244542745
366,1717570691.1303883,130.18644910629348,119.90893461959544,158.18046696787664,160.31489241815774,114.17503532407254,110.52809800860277,172.0392860053038,172.54686851156964
367,1717570691.1803982,121.64465903709258,119.90893461959544,157.89394434806775,156.96163963358873,114.55045238920742,111.45463361604675,171.08074948569816,172.54686851156964
368,1717570691.2403946,121.13310317050555,121.9247262899469,156.65367161576657,155.81147307871208,114.20224526941443,111.5154096345567,169.995889879062,172.37004906589794
369,1717570691.280373,117.10154747820836,121.23921488820875,154.75853804250343,154.6070774438571,115.08478054286404,109.81497700590606,168.42729450117056,173.0097306417402
370,1717570691.3403687,116.4862399757331,124.83699642144114,155.5575498751548,151.16711172359376,115.5335017474705,109.66905824528087,167.73713766053473,173.7656238587872
371,1717570691.3803692,115.174352193229,127.50414236027012,155.07822947741482,150.53668505204172,114.66686417546367,109.19307179074994,168.52381573069457,174.01891920031414
372,1717570691.4303644,112.2324035396139,128.61010111255868,154.24079747029205,151.15733986458793,113.8038412296382,108.95013598428687,168.05582281155367,174.0938588862295
373,1717570691.4803798,109.6647230078007,132.2499148250876,153.84997008537223,152.8464018917661,113.05982055394512,107.70592510498642,166.65181062447664,174.36931724236476
374,1717570691.530377,109.61401597753239,139.3288750671904,156.68689442328588,154.1038408703664,113.61310925093446,105.5967055909939,166.8743828396193,174.4640298878918
375,1717570691.5803745,125.27242144859841,145.1665551791158,157.71876734919474,152.7947991533985,114.94390526342458,104.69302531652869,166.8743828396193,176.62857206867898
376,1717570691.6303704,109.99608257863954,151.7967010094423,157.93289682065335,151.87499181086346,115.97181517896402,102.57865011719372,169.47761667869835,176.62857206867898
377,1717570691.6803496,110.2825590889166,160.26220153407925,158.937642584326,152.45283165969784,115.80692820925006,100.17374935936823,168.69006752597977,176.97053956237963
378,1717570691.7403636,110.2825590889166,156.72141232834088,159.17516366103342,153.434948822922,114.80940837545953,100.04979847842765,168.05582281155367,175.98842239915544
379,1717570691.780347,113.510401201401,151.48098489202272,158.75475122751993,153.353831681017,114.66942891846325,99.29924168206338,166.1688228701661,177.50512997437943
380,1717570691.83034,113.07608903366747,151.82140989004083,160.33094175471913,159.69671770579745,115.10374108619678,97.1250163489018,166.75678628479534,172.97354845927538
381,1717570691.8703563,136.22123668175706,156.5713071912546,161.65225929772865,165.07273438909763,112.7794176690336,98.00472885729283,165.92345200082673,170.4388920631128
382,1717570691.9303498,143.0476030886173,157.32942634804468,162.79137903697386,164.9549169778959,111.35302468549841,99.17386818520026,167.0505221546527,172.68770414301298
383,1717570691.9803488,148.32269379862691,160.39591184917055,159.4901069068322,165.20103135554783,110.94626635017396,99.17386818520026,163.07446220965332,173.28263368581253
384,1717570692.0203438,163.85466679481576,161.35932215273573,159.23250035172168,163.73618261932606,109.14772094311326,99.07662874071173,163.6257211512968,174.91336435436395
385,1717570692.0703244,161.02959219151347,157.05643352703936,162.08422588692423,165.31011280262211,109.4400348281762,100.62854799368625,165.37019603498683,174.99482832851416
386,1717570692.120321,164.93658540637722,161.10562276523953,163.8676097888445,166.62175396055244,107.25793938971654,99.35380760384675,164.76147434006742,175.94936750172886
387,1717570692.1803365,165.8286113690245,161.1523185817248,161.78544415977566,160.35386613443967,106.84367344661943,99.3071117873614,167.25868029245558,179.74497595931246
388,1717570692.230333,166.91926120796774,162.42115058940803,174.15155854397804,160.76932762433873,105.52655925533497,99.21909990648874,176.10454967818632,179.10482628978895
389,1717570692.2803109,167.60708329103846,162.00308377065193,175.41270957657582,158.9834151166401,106.78547477794312,98.39236822554176,172.5360020024288,179.90184286240344
390,1717570692.320324,169.56900087704065,161.19718605846828,177.44574788682164,159.94007481955325,105.84450425753046,98.39236822554176,171.275572791792,179.57478176790056
391,1717570692.3803074,172.6232739930547,160.7185666653753,177.27368900609375,162.7111279251686,104.39646773014886,99.3071117873614,171.1035139110641,177.87284888714922
392,1717570692.4203043,175.30662722037806,160.7185666653753,179.7817314196278,162.24124856421417,103.68177466380943,99.41562639154029,173.1082179491737,178.16047588620927
393,1717570692.4603047,176.6733834049131,148.16551821038547,178.96682472138212,162.52887556327428,102.31501847927439,101.60962235844642,172.14861014973022,177.71269338669185
394,1717570692.5202956,176.02718613264136,144.77541078304628,177.2593429446701,162.43209224398706,103.30781233049689,101.69893760880268,167.74018458454495,177.71269338669185
395,1717570692.5702934,177.01997998386386,140.9614926526558,179.85194921965567,162.70755060012232,102.31501847927439,103.96778976153269,165.7716328051982,177.88143243678851
396,1717570692.6103053,177.6819815895945,140.4391233357857,179.26232686256782,160.80520475146747,101.65301687354375,105.42216131873863,163.50093985615666,179.5702225603923
397,1717570692.6602874,179.38368522507298,135.75128576266786,175.20796595306805,162.37541434736147,101.07777904629293,107.41039432384923,165.41569000098872,178.62378953743337
398,1717570692.7202835,177.31585092529454,136.82052433379562,170.9717284241138,163.84266013541205,99.90980446141891,107.96913974015703,164.79440226949714,178.2832017887101
399,1717570692.7702806,175.20623434805734,136.80650365137126,168.9535154245404,161.9615554322111,98.77336085379794,107.91577411307577,162.55702898407927,176.83075472751452
400,1717570692.8202767,173.90989162131646,139.20150916824358,161.28505859861795,161.66610182982316,97.5454718334508,107.84732040668206,158.87964890907747,175.7797487354432
401,1717570692.8702884,176.1732069018757,141.53449147021342,158.7399112557388,165.26487821971114,99.41828241691915,107.02494942668383,160.61548432064214,177.76815589623655
402,1717570692.9102714,177.73949808885874,143.80040860552586,165.97455076320298,168.35731453517704,99.41828241691915,107.02494942668383,164.48594568318038,179.16275175565212
403,1717570692.9602685,177.73577790579455,143.80040860552586,169.14643265727582,169.69515353123398,101.49215378449486,107.02494942668383,164.48594568318038,179.47756056304124
404,1717570693.0102682,175.5080842237087,144.44193660456182,172.65769628403532,168.7403122773618,101.27530886813511,106.97006842860873,165.431777580662,179.47756056304124
405,1717570693.0602622,175.5080842237087,144.71799823292142,174.75165074349945,168.9802110667221,102.15421695099263,105.8150987173916,171.34297852011002,179.59275744486118
406,1717570693.100265,175.01210982805011,144.98314298498246,168.02609774455863,169.19500211118006,103.27857755124614,104.6973192795119,175.3981869201534,179.17367586027075
407,1717570693.1502607,174.2427205582978,142.1250163489018,166.46748225391434,171.52885536698517,103.90158853484628,102.20510618423128,176.61541579079864,179.5315796298633
408,1717570693.2002566,172.85091737948486,141.3401917459099,159.0221073116065,171.92014239722604,103.78159723565363,101.30993247402023,171.42282919065238,177.6626941408762
409,1717570693.2502503,173.48845690098074,139.74271554866428,153.85635064902064,174.0531369460265,102.9946167919165,102.90740867126584,167.20303927440503,177.10504849378182
410,1717570693.290259,173.25025171928846,139.1543909391343,153.39422688271904,173.9275435927923,102.81222863819188,102.62768183105027,165.30697468347128,177.94235405305173
411,1717570693.3502593,173.01496668772316,137.48955292199915,169.30483138435406,177.11423575655917,101.75357850440429,105.07734445117728,172.4473271614268,177.79538494934764
412,1717570693.4002438,171.71703514784107,139.0377106209771,175.26025236614564,174.0531369460265,101.75357850440429,105.07734445117728,174.98523473660524,178.97860631259496
413,1717570693.450255,171.45108136825525,139.9090621386555,177.65894059195276,173.03010675735868,102.82942760048624,104.20969131199448,174.37120619724712,179.05443993148836
414,1717570693.5302362,171.50883919094196,130.95279808487783,179.06453862772145,171.2063871498443,103.77749817102683,105.39967022357968,174.37120619724712,176.68531707313258
415,1717570693.5802302,174.1716124596719,132.35237033470776,174.72438690357382,169.72359622491854,103.28752989767504,102.17401719829161,172.51749523466805,176.08125100255816
416,1717570693.6402273,171.95631655393555,132.35237033470776,175.06958211836488,170.85577650004987,105.46563056536857,102.12079308028649,171.91283921814338,176.00222239127802
417,1717570693.690225,173.02297069914735,131.41284557360544,174.12034791786652,169.73380229204045,106.503772191776,99.96796346599706,172.30579926361682,176.01431658032428
418,1717570693.7402203,174.461056406551,125.86284898586129,167.30611847450257,165.0596901043313,106.503772191776,99.70392948473796,169.43597167676802,179.16275175565215
419,1717570693.8002172,176.43439603279094,120.60589079750659,168.13492488044884,154.2197734259139,106.80612388239628,98.35882680588117,169.59848684623879,177.85241457170147
420,1717570693.8502147,175.5437495225593,118.66613346412592,167.83497012971304,155.28002813302493,107.89443863579135,98.35882680588117,172.1089351337115,178.76899083490588
421,1717570693.9002094,178.13174136700465,120.96375653207352,175.08446529120738,152.60648027688362,106.98487048374649,99.70392948473796,173.08316279781366,177.34344461777403
422,1717570693.9502072,177.83139029849983,124.39823288421061,178.1523897340054,157.12194197188185,108.95521401952604,98.58716832791879,173.89008503907743,178.79979092466215
423,1717570694.000207,176.96729738382302,131.13926737511673,176.05481377096245,157.08076593126208,109.23067237566129,98.84181456019166,172.12606186827438,177.8245929853123
424,1717570694.0602002,174.573510501089,132.27368900609375,152.38306210966667,148.61803352642937,109.48638203350112,99.70392948473796,174.72259391709278,177.87890360333856
425,1717570694.1001985,172.42049022310974,137.39896678480804,170.88462676750356,154.1422681914663,110.27770988411137,99.96796346599706,174.02074648927328,178.01964341902712
426,1717570694.1601942,170.42577211490817,138.70569085787002,178.7811247648687,154.93799174420556,111.03155821718215,102.05722635084629,171.7288187570275,177.92215294642992
427,1717570694.2201917,168.00916502096075,133.9545726089367,176.64543108779162,155.12093733319526,110.7218543172233,103.41235764186843,171.82545316918817,179.34319884733213
428,1717570694.2801886,157.1926222612002,127.58188057428222,173.0959174385183,158.5824290458493,110.26660104022244,106.33064709560779,171.8952834569933,179.5980674294651
429,1717570694.3301866,142.87140168569104,126.86989764584402,171.20314954130464,158.94003968148454,110.9430035151728,105.97180556925906,171.88419656731233,178.90890050407756
430,1717570694.3701825,123.86541748965423,125.59529455988118,171.20314954130464,159.45283646993045,110.84123491968548,105.72703133705579,171.32005785144804,179.10886158746993
431,1717570694.4301975,103.78785291632677,125.15262074507763,179.65779378195273,159.193756460219,109.7020205273663,106.56737508886607,171.0217456688352,179.1410763805253
432,1717570694.4801748,106.21529326972411,124.40177973201548,179.97351096836297,159.001280965613,108.30508974251367,108.60971934191818,172.10935752295725,179.03488396042835
433,1717570694.5301719,105.90617908328726,124.33021719550334,177.46690751869983,165.44585940713588,107.78388844269253,108.43494882292202,170.98140709801186,175.58817678655436
434,1717570694.5701697,104.2500326978036,126.2113544682804,179.74580566282546,165.7796174543887,109.4400348281762,109.09349200048561,171.35933407559108,175.58817678655436
435,1717570694.6201658,107.85733451284439,125.73805152568505,171.09035305692254,170.25959704334502,109.60251319314068,108.93407852076461,170.95291497411066,171.9857635738725
436,1717570694.6601639,131.04189236855055,125.96679423712001,177.62096379172695,170.43688909760644,108.43494882292201,108.434948822922,169.38839621867623,171.16213022697437
437,1717570694.72017,120.66576698503603,125.83000066120292,180.0,170.27051464017546,108.18487183887473,108.29206687593464,170.08429272478554,170.92222263250218
438,1717570694.760169,112.32591193296146,124.38815388006105,175.2506840445705,168.57556199865857,108.58347935089475,107.25079391958442,171.52457317121485,172.88628746021826
439,1717570694.8101547,98.07745290468533,121.60041878223899,162.3196259102879,174.04589256883497,108.67334874884229,108.11454341339217,176.7663277082291,176.87395749504503
440,1717570694.8601513,87.6029714699404,120.46554491945986,149.37992810070153,168.1477067597498,109.06235388362474,107.85223624887493,179.04213156251387,178.08008375358278
441,1717570694.9101484,87.2989163020116,121.46414363086578,150.3215100748648,176.0493818616582,108.62466925374733,106.90231703256404,179.98371353667713,173.04977194205233
442,1717570694.9601452,99.04943056287895,122.69198418257204,177.59127253693538,162.71850162818336,109.01367438852978,105.67447648085772,178.98583815456936,176.49010134526577
443,1717570695.0101435,98.67134193137373,125.9773237020542,175.49103991352587,167.07594167417932,109.12868427500119,104.6968340140402,179.0504331435642,177.12415581524257
444,1717570695.0501394,93.23100990036822,127.17549211498871,172.96731038030364,159.33249728835966,109.18941753560549,103.43793234050139,178.75313032651854,179.48981063953056
445,1717570695.1001372,92.55741695558496,129.58651239903654,167.10951937024862,154.23530346031924,110.23138291736477,103.24563355518552,176.7887878323288,178.09084756700364
446,1717570695.150144,92.55741695558496,128.1929078873106,169.26110289909454,155.08197748418075,109.40832715044291,104.06868932210736,175.68397248013437,178.2269417992091
447,1717570695.200141,109.40412021972928,127.61395684873273,165.6595003570928,155.5482641672088,107.34037343968537,103.90584490292429,172.90116104711257,177.11250004254055
448,1717570695.2601452,105.03043052343328,125.29334759066026,164.00017740129522,159.93429510257658,108.25533881717494,102.8599934975669,171.7344468827824,179.81777868952534
449,1717570695.3001251,103.09984308226628,120.26884824955047,163.71866477883182,159.06436096694753,108.25533881717494,102.63530531794237,172.20939463170316,178.15937021393106
450,1717570695.360125,106.79115023111503,117.25532837494305,163.34770026964583,158.737628737235,108.32258735379821,103.64481810055878,170.33726585548604,177.75588547887227
451,1717570695.4101286,108.42190630561642,117.12715011111953,161.16319016303316,155.91535669355758,108.22892862314043,103.86665509504007,168.94345571131578,176.74593191044073
452,1717570695.450116,117.8769389595821,116.9943015725776,158.76910663280813,155.55604521958347,109.46036689954173,103.17883964629942,167.2293552250899,175.60129464500446
453,1717570695.510113,126.71468227018147,116.85652428520623,156.37062226934316,154.7348647105348,109.04959261042303,103.31661693367073,167.58490244572693,174.1367391051011
454,1717570695.5601115,134.97755747098205,120.76634275360445,162.16704041299167,155.1049066727962,107.78190970688046,103.31661693367073,169.42073177978259,174.60964591108652
455,1717570695.6201036,147.70898252251973,118.86053137719728,162.48543676984335,153.25189583707856,107.12389475291155,102.56627150780952,169.9939048248234,173.2059279079494
456,1717570695.6601028,166.2166117301956,119.37883657555963,166.78658523749223,154.59445021452586,102.50503352814536,101.42855710682898,172.37015315362387,173.53873665226666
457,1717570695.7100983,175.47942985499526,119.8282812082193,168.9036104738733,160.01689347810003,99.73131450172211,101.18210825500557,173.51500035808732,178.91652104544903
458,1717570695.7601075,178.39011630025664,118.75877658947408,168.926070597973,159.48447512692354,98.657062473897,102.3362089853618,174.06874332289408,179.7122445981883
459,1717570695.8100939,174.0938588862295,117.10812287080176,171.1548714857936,158.5057402037775,96.65141510250838,102.45933726182119,174.0236008989322,177.37473965883893
460,1717570695.8700893,174.0938588862295,123.34675471354652,170.2035232380448,160.48285111406165,96.5643206078984,102.42330347997176,174.51972228007827,178.20608773094793
461,1717570695.9100869,172.07926009835893,134.7819390946722,168.05651347996638,164.00156280596838,95.3454453727671,103.48830753989176,173.4402151567781,178.86127468392905
462,1717570695.9500854,173.24946053782102,133.4851855188559,176.92953449671464,166.52898803775344,95.3454453727671,103.48830753989176,174.49784712030296,178.7811247648687
463,1717570696.0100806,174.18552747180124,129.42916602406936,176.15207353073185,167.6919841825721,95.14855343469519,104.54810858136705,172.84517652595022,179.66811662677543
464,1717570696.060078,173.0887728809753,120.6385853381866,174.99202810795973,169.0517785003793,95.6215822509328,104.57963705799824,171.83541846871336,179.02543918072993
465,1717570696.1000745,177.00262879528285,113.38522105721373,169.0909078125631,173.88006965635242,96.47100380061464,104.57273976905682,170.63374848482295,178.3287140245627
466,1717570696.1600733,178.64069421393137,115.23283132320836,177.92436026236138,169.3188025568431,95.74526968624302,104.51020347047461,167.74150062031947,176.9335144988741
467,1717570696.2000713,179.91518025513278,118.49951703017385,179.8329573843191,168.9338778820839,94.9081756187807,105.53392808150247,166.3775730887166,176.1678230514631
468,1717570696.2500658,177.000344693504,120.96375653207352,177.21643173005225,169.01854095975258,95.91931465368924,105.51528947572876,166.17878986406276,176.29157184286953
469,1717570696.300063,176.61013419918208,123.74422231090517,175.97173633351485,169.0585240513175,96.93620529640606,105.05492462077106,165.4178626352453,176.84424710781772
470,1717570696.350079,176.6938479010351,123.51549785918002,175.4902325365036,165.6380616251302,94.90943216364539,106.12399282430647,164.06036768214926,177.4380059612517
471,1717570696.390058,175.22525375882566,122.2424678391233,167.0053832080835,165.63893354554335,95.90085210986112,105.28364907249622,159.74213846749893,179.2606117333101
472,1717570696.440057,176.26617962903907,123.51549785918002,162.29566976075222,169.24428392442366,95.72576078228447,104.41781452985947,155.40905333777064,177.8821023404675
473,1717570696.4900506,174.21366009492397,124.35194533112076,169.41379017442523,172.3191412611639,96.59120850917891,105.98496176708187,158.65968252007775,176.30212549526686
474,1717570696.550047,173.85932111550107,124.07800658226759,174.30580284989458,173.29016319224309,95.72576078228447,106.23449856702155,161.16438792128582,176.7692637746439
475,1717570696.6000457,172.96947143969317,125.18942549268746,175.22269368289017,175.38842106311924,96.61561045809239,106.23449856702155,161.16438792128582,175.65876630340753
476,1717570696.6500416,172.9429824080561,126.49824020916893,174.68304370318387,172.43029494518217,96.59120850917891,106.25890051593501,161.30375382829357,176.641371622065
477,1717570696.7100372,173.96568062240598,127.57672312641188,175.54055172632198,170.528396117098,95.59291224374253,105.15601564977862,163.54445308448456,176.41679274318918
478,1717570696.760034,173.9402948112567,125.00779836398863,172.89905245015,169.59599739224376,95.59291224374253,105.15601564977862,168.48215218325004,176.41679274318918
479,1717570696.8000343,174.06847307508022,126.48076457171885,173.80907120506734,170.75049144590537,96.2947008626438,103.0017736948455,168.57371547647878,174.50048658511446
480,1717570696.8600273,175.07798585769663,123.34970056246232,172.8892879272991,174.02627636165292,96.11550356628541,104.03624346792645,169.15465259775647,173.02036310105072
481,1717570696.9000268,173.8844964337146,123.60434679473516,171.0273733851036,174.92396068585296,96.93395902797403,102.96314177396505,170.25635871296285,172.16842205338676
482,1717570696.9600227,174.98688624496418,122.58918178533142,168.8987343838934,176.9335144988741,95.83156921672442,103.97830678336874,172.87498365109818,170.05942696688697
483,1717570697.0100179,176.06697407554924,122.41271529593229,168.93942284691656,179.0134763756467,95.9324807386162,105.26050086259414,172.93485382733607,169.61045985432006
484,1717570697.0600307,174.98688624496418,123.72361306050337,171.06824208751468,179.9641453241339,96.64969079665252,105.46615192743565,172.37564037401438,169.252367721166
485,1717570697.1200137,171.85296960432956,123.73901037812433,172.5547878960994,177.14450568582015,98.66154992647814,106.44348066552382,172.37564037401438,170.8468674571762
486,1717570697.1700091,170.864910395428,122.74928141214531,169.77099171264047,167.84428617449112,99.64960913537972,107.43320963150279,169.6597379116614,174.73230287195577
487,1717570697.2200208,170.8415339056957,121.77124754809219,170.64724830373936,165.5700500425815,100.47887968839606,107.58197294253958,171.18883925041473,177.05430526222113
488,1717570697.2700033,169.67336737447928,121.08750532347995,166.39066388073726,172.0495076515911,100.47887968839606,108.54795810342267,164.14935182648966,174.8891803830732
489,1717570697.3200011,168.6900675259798,124.02949352862694,163.02054961918955,171.3711439369751,101.42665828942347,107.97879700487164,163.17529814098404,175.0302592718897
490,1717570697.3700068,171.0273733851036,124.39079634348693,155.97181817960637,169.14826800749137,103.05824339487127,105.98590908456384,161.50393932354973,175.88134781928193
491,1717570697.419994,175.5870076086005,129.0556984526196,154.31185656435267,168.56196923584932,102.81974672468684,104.60961486988626,161.09650594973698,174.2619589080124
492,1717570697.4699893,175.89188782286416,130.41857961974847,153.51175277090454,171.9957378556373,103.80304657318634,104.60961486988626,164.28652483894177,173.43141634320034
493,1717570697.5200024,177.85088092455112,133.260392960491,157.2243570538758,173.38653951768524,103.96059644056862,104.60961486988626,166.92701112641464,172.44365594356054
494,1717570697.569985,179.45285366315812,134.69360837772928,155.3946287251223,175.3403391734439,104.12372855768706,104.60961486988626,165.84395243953625,171.47263401248136
495,1717570697.6299798,179.14606110059933,134.33476685138055,155.0266484757202,174.28940686250036,105.39056946611937,104.89978390073719,166.3675572196615,173.0189425931702
496,1717570697.6899781,179.60594995767286,133.60481987298266,155.48035731180923,175.80673050280006,104.6361007534359,107.049432740438,169.48737283007864,172.67160192084313
497,1717570697.7399735,179.16041503949367,133.83403249336442,155.532524785965,177.48598898126332,105.09157267859489,108.83701786862758,167.74467842151532,171.84150528963826
498,1717570697.7899706,179.31769348776433,133.83403249336442,154.18990075942725,179.2838400545296,105.93046901687367,107.99812153034881,167.74467842151532,171.93675383430275
499,1717570697.8399675,179.8220633685896,135.31223548954935,154.92353203906646,179.86220377814692,108.03706786108741,107.57741387886955,167.8172760839486,171.99722139073143
500,1717570697.889964,174.44836737977607,131.96201277034297,154.758581394437,179.86220377814692,111.13326741802308,109.03304718590795,166.32038339370104,171.99722139073143
501,1717570697.9399729,171.14821228420615,128.3513548167311,161.8511585227352,179.22937690159404,113.74777395055585,110.11385327808063,166.21220307797714,172.9649475096686
502,1717570697.9999568,169.77099171264047,127.01913496286144,170.56834457558284,179.9159064505311,113.58465856928049,110.93897026508662,165.42795807731963,172.41553084399
503,1717570698.049955,170.23332060422732,124.91089029437649,179.5294086971048,179.13194855025446,114.9706183183265,109.72447233237585,162.0356424799732,172.87498365109818
504,1717570698.1099663,173.58043693048398,123.43405591648471,170.69005982501398,178.2092155542187,113.65774280163,110.70309509765403,158.40173666173862,174.32743579402117
505,1717570698.1699479,171.2317848789513,124.38966944986115,167.62357432388808,179.09061955080085,114.62137021823482,110.2456931768912,158.40173666173862,174.32743579402117
506,1717570698.2199435,171.36623234577627,125.63155391689415,171.7485318395638,179.10482628978895,115.22222928345072,109.72447233237585,162.01245222729702,173.3547217897256
507,1717570698.2699504,170.41216697518138,122.9156499303229,175.6319353567846,177.46824924817219,115.72818545712882,109.34868718839923,162.89854153185686,171.9113562344934
508,1717570698.309938,164.66807734895966,122.9156499303229,173.85337434035333,179.1574757392596,115.60267464033578,109.34868718839923,162.2197403414129,172.94215335011893
509,1717570698.359936,164.14297798197174,124.8912785449547,177.26284369493933,179.11939280733833,116.12777400732371,107.37305857376745,159.62020373850436,173.79725074638566
510,1717570698.419933,158.03943597990352,126.65364837717536,167.90965436273228,180.0,116.79098397838641,106.36363652325235,161.00662004621316,174.7437792422606
511,1717570698.4799275,158.355564859286,129.18751761688725,175.94831616217155,179.1719343774634,115.61693108146466,106.58354927883283,159.1550123371144,174.96912684287358
512,1717570698.5299397,169.14286429661476,133.31644040786054,175.19798203938433,176.82016988013575,115.50505464602554,105.47418484017709,159.83899694532974,175.12541567348248
513,1717570698.5799215,171.4391104288354,133.52353519556834,176.21132035331155,175.79032113108087,115.02593209287173,104.85892277652877,160.0267540881367,174.24287497246848
514,1717570698.619919,176.17381445366993,134.73544353147412,176.98968352611286,172.34038334853682,112.5903351027752,105.62941370852161,161.5183553605927,175.1495465885635
515,1717570698.6699164,178.73400099960526,134.58645496709715,178.58557678859785,167.06546264727987,110.90358515206992,105.40698667863865,164.0103602626874,176.9593335400602
516,1717570698.7199123,177.37140511010313,135.96473412140827,178.3205334017426,167.02496146787612,109.78928292826788,104.00566941559202,166.01784923386478,176.35968504994042
517,1717570698.7699113,179.08764943406294,135.0,175.6260435493418,168.76161694139512,107.34176731244753,103.22931401282409,165.21833223685175,175.98677448110257
518,1717570698.8199074,179.90450712256413,131.7645008902456,170.29855771881844,171.70384303322405,107.0897710093382,101.73308415641225,165.3768045853233,173.77641628795922
519,1717570698.8699036,174.17601875543136,132.9833761253769,166.63573814623646,163.00751692297627,109.51743826586974,100.49147701233159,167.11998809721348,176.9363883404483
520,1717570698.9199011,173.19868517601844,127.70509793760786,165.50474728879874,162.0289097209545,108.43494882292202,102.30801581742793,167.92000933246143,176.55600316700435
521,1717570698.9698982,165.9109006619077,130.4146641014389,171.13369134247054,162.8879516134122,112.61986494804043,100.49147701233159,172.3259982642441,175.56162005874583
522,1717570699.0198944,167.22147534187317,129.35252336274905,173.89963664875967,165.36443045984862,111.70416945387389,102.10501594521276,173.2666431372596,172.8480553291524
